Column,Type,Description
Survived,int (0/1),Target label - 1 if the passenger survived
Pclass,int (1-3),Ticket class - proxy for socio-economic status
Sex,int (0/1),"0 = male, 1 = female"
Age,float,Years; imputed (Pclass x Sex median) and IQR-capped
SibSp,int,# siblings/spouses aboard
Parch,int,# parents/children aboard
Fare,float,"Ticket fare; zero-fare errors fixed, IQR-capped"
HasCabin,int (0/1),1 if a cabin was originally recorded (engineered)
FamilySize,int,SibSp + Parch + 1 (engineered)
IsAlone,int (0/1),1 if FamilySize == 1 (engineered)
Embarked_Q,int (0/1),Embarked at Queenstown (Cherbourg = baseline)
Embarked_S,int (0/1),Embarked at Southampton (Cherbourg = baseline)
Title_Miss,int (0/1),Title 'Miss' (Master = baseline)
Title_Mr,int (0/1),Title 'Mr'
Title_Mrs,int (0/1),Title 'Mrs'
Title_Rare,int (0/1),Any title with <10 occurrences
