Survived,Pclass,Sex,Age,SibSp,Parch,Fare,HasCabin,FamilySize,IsAlone,Embarked_Q,Embarked_S,Title_Miss,Title_Mr,Title_Mrs,Title_Rare
0,3,0,22.0,1,0,7.25,0,2,0,0,1,0,1,0,0
1,1,1,38.0,1,0,71.2833,1,2,0,0,0,0,0,1,0
1,3,1,26.0,0,0,7.925,0,1,1,0,1,1,0,0,0
1,1,1,35.0,1,0,53.1,1,2,0,0,1,0,0,1,0
0,3,0,35.0,0,0,8.05,0,1,1,0,1,0,1,0,0
0,3,0,25.0,0,0,8.4583,0,1,1,1,0,0,1,0,0
0,1,0,54.0,0,0,51.8625,1,1,1,0,1,0,1,0,0
0,3,0,2.0,3,1,21.075,0,5,0,0,1,0,0,0,0
1,3,1,27.0,0,2,11.1333,0,3,0,0,1,0,0,1,0
1,2,1,14.0,1,0,30.0708,0,2,0,0,0,0,0,1,0
