,0
Title_Mr,0.3544687353290912
Pclass,0.10561193783833421
Sex,0.09413771395799612
AgeClassInteraction,0.09390334018257213
FareRelativeToClass,0.0932161101243815
Fare,0.06124882768786896
FamilySize,0.04864757411775929
HasCabin,0.03970058714659801
Age,0.038719562377395836
Title_Rare,0.02625777582130421
SibSp,0.017086161415987063
Embarked_S,0.016014496473559302
Title_Mrs,0.003128230412396585
Title_Miss,0.0028315944984725057
IsAlone,0.002361669853410824
Parch,0.001785816938644527
Embarked_Q,0.0008798658242277697
